readable_time,temperature,humidity,lux,solar_voltage
4/1/2025 0:00,30.92349679740059,46.36328862788849,100.0,0.048488616213966294
4/1/2025 1:00,29.742309447483024,49.96046935665823,100.0,0.054846307894477656
4/1/2025 2:00,28.358237077972696,54.775254395500724,100.0,0.04966564995794207
4/1/2025 3:00,26.093245582791113,56.941209704183414,100.0,0.045109355757900586
4/1/2025 4:00,25.130379634634785,64.29678703244561,100.0,0.05286069194492557
4/1/2025 5:00,24.03092438012071,65.57254193443806,100.0,0.049436757929818546
4/1/2025 6:00,22.866773460572563,67.2605709764791,165.75244089727838,0.3546484584585735
4/1/2025 7:00,22.692903611210507,67.53529458702515,1483.472300967997,0.559877392762618
4/1/2025 8:00,22.44687512023008,70.59988436528853,759.0956225133228,0.8332688737494487
4/1/2025 9:00,22.90291266743692,66.69602178605453,3322.0558589487805,1.0921938329239431
4/1/2025 10:00,23.568801831892273,67.77132361074932,3830.4065327953244,1.360465222178125
4/1/2025 11:00,22.960553022149956,66.63116345168723,3273.6830321942534,1.7905156276647562
4/1/2025 12:00,25.557715086579137,59.2832725924765,5650.514597281279,1.9168752411437595
4/1/2025 13:00,26.298077694592692,60.394158760154326,17766.22326524417,2.2898356017718946
4/1/2025 14:00,28.321255014749823,57.626104819224224,71299.24248900477,2.440818182260906
4/1/2025 15:00,30.103446566931545,49.30504806099791,37092.68874494565,2.5201826724419587
4/1/2025 16:00,31.512492915978513,48.10815829315033,20946.727584279575,2.643063047828784
4/1/2025 17:00,31.87350962513443,43.00657776311664,5306.498980417578,1.501364460264646
4/1/2025 18:00,32.05831362491608,44.19814584661865,4718.080341808835,1.276942199737814
4/1/2025 19:00,33.834125984100254,42.67372759016314,100.0,0.049273959853930314
4/1/2025 20:00,33.32674602787587,39.72244656319072,100.0,0.05107342948245613
4/1/2025 21:00,34.15631112819269,40.852934369553765,100.0,0.05279508540191768
4/1/2025 22:00,31.966938301014327,41.16791466133114,100.0,0.047709656332385525
4/1/2025 23:00,32.629085137266976,42.55359039677138,100.0,0.04542403041597944
4/2/2025 0:00,31.56845383263313,46.7570432457213,100.0,0.045798108104044145
4/2/2025 1:00,29.60138298027479,53.93500505053218,100.0,0.048841375733359164
4/2/2025 2:00,27.88640773678771,50.526802259408534,100.0,0.04627383269175637
4/2/2025 3:00,26.640140131290874,60.41317926490163,100.0,0.048356299795181516
4/2/2025 4:00,24.69397963560755,62.45536924779761,100.0,0.049028533079889317
4/2/2025 5:00,24.12317380704919,66.17506584599471,100.0,0.0450796149059911
4/2/2025 6:00,22.22230072927,69.43319249747987,147.31616664250322,0.32191011076215503
4/2/2025 7:00,22.718283857110713,67.86715011834153,811.9705110426003,0.6533159302754068
4/2/2025 8:00,22.02704571146765,71.00585023980615,2142.186853346076,0.8643813356818748
4/2/2025 9:00,21.892512246474002,69.06767318676431,9070.16873525815,1.2412648190420903
4/2/2025 10:00,21.928382045347313,72.08403773805202,4331.515730924668,1.4238051873885802
4/2/2025 11:00,23.46819934896187,65.22505715826442,4103.150536041168,1.7002200991656125
4/2/2025 12:00,25.53739984644714,60.88574127149851,35806.493146811415,2.108751788135034
4/2/2025 13:00,25.75571996148063,57.88479666793729,26595.120222549675,2.478749652253864
4/2/2025 14:00,27.008162452779665,55.57300835463735,74347.1787920476,2.3789760117926173
4/2/2025 15:00,29.417433244753468,53.348766022697035,38242.10418389857,2.788862616133421
4/2/2025 16:00,31.001271882934574,48.262505173278804,50570.63106393372,2.7252321580001455
4/2/2025 17:00,32.40229264030157,41.782090999177576,7728.64606135853,1.6227389609210132
4/2/2025 18:00,33.27667746846175,39.29515009079944,5101.872552144182,1.4653577360500858
4/2/2025 19:00,33.5577693638368,39.16511653179738,100.0,0.04947071598571031
4/2/2025 20:00,34.93029424918237,39.538334814265994,100.0,0.054285006891388536
4/2/2025 21:00,34.13965706524539,42.09159178551356,100.0,0.05479499946025144
4/2/2025 22:00,33.30629398805391,41.980060239220904,100.0,0.045099773948077806
4/2/2025 23:00,33.007394704932125,44.05315417233864,100.0,0.04514214764272912
4/3/2025 0:00,31.06161236671051,49.02619253692796,100.0,0.0524766785357107
4/3/2025 1:00,29.607086040967225,52.69386242802807,100.0,0.04572552670455548
4/3/2025 2:00,28.914465276641586,59.83585902696232,100.0,0.05038296333214523
4/3/2025 3:00,26.60922803594034,59.02902894025893,100.0,0.049854114741160784
4/3/2025 4:00,25.830060458794065,62.11033012285121,100.0,0.05479495904903359
4/3/2025 5:00,23.19605461512724,67.74144156870102,100.0,0.05074536334132754
4/3/2025 6:00,23.094454508797963,63.69595168639641,300.80744587575555,0.36030192127594807
4/3/2025 7:00,22.5442295256601,70.5487075715384,1583.3963347499043,0.6683092530447118
4/3/2025 8:00,21.426260715889832,69.03260767413875,1954.8180966589318,0.8288519042330866
4/3/2025 9:00,23.193040599122572,69.36731509753544,6515.975967512451,1.1478134214855849
4/3/2025 10:00,23.521208842098112,69.86532292656086,5034.052600725751,1.4305300653797044
4/3/2025 11:00,23.182692930999448,68.96932914620355,1919.161655067258,1.8314274672443638
4/3/2025 12:00,24.435130435037458,63.16639773194842,78400.14850943374,2.1519156836803304
4/3/2025 13:00,26.85681466739155,63.40858994877653,88766.76750500419,2.3337026054124865
4/3/2025 14:00,28.667722645970446,54.40381766927209,19936.456516025817,2.743637044144181
4/3/2025 15:00,29.522880279040127,52.65322769104059,50879.32219205119,2.520893641354452
4/3/2025 16:00,31.477695100692493,45.96536994081201,95519.06406858772,2.5847743635156544
4/3/2025 17:00,31.350647328964357,43.46014027470738,2599.178618477808,1.6990762222019065
4/3/2025 18:00,33.31367935943254,37.5108488931442,2528.148678099115,1.2480255090043768
4/3/2025 19:00,34.401167512501374,40.91468529991529,100.0,0.051526001659113335
4/3/2025 20:00,33.70876634648463,40.789773254681016,100.0,0.05479718742951212
4/3/2025 21:00,33.2973219489253,38.76213110484659,100.0,0.047811535097433494
4/3/2025 22:00,33.18139673082462,39.942494824387616,100.0,0.046803748787478436
4/3/2025 23:00,32.56121373625122,41.54966254177788,100.0,0.05242420461156826
4/4/2025 0:00,30.721700713111304,45.83168990145849,100.0,0.05042508514368535
4/4/2025 1:00,29.60744532773057,51.21742019024236,100.0,0.048744985750471315
4/4/2025 2:00,28.20758709185351,56.2811043203968,100.0,0.04718552483298858
4/4/2025 3:00,27.56173196968805,59.346657147444986,100.0,0.052512319189020155
4/4/2025 4:00,25.41958927691742,61.31637199076757,100.0,0.05261001752102306
4/4/2025 5:00,23.97895320719451,63.980387532108445,100.0,0.05372193655513775
4/4/2025 6:00,22.84339424543118,63.884360844606256,376.9190121778957,0.33155808401537834
4/4/2025 7:00,22.19425745242568,68.6862059620407,1547.478682253057,0.6376415371094442
4/4/2025 8:00,22.06034508086436,68.72866427407253,1442.8273147700872,0.9856779984312108
4/4/2025 9:00,22.229077081155356,66.51213964754632,9241.008100639972,1.1792429124638546
4/4/2025 10:00,22.75245102069324,68.14494904577927,4280.037972806169,1.457003524213353
4/4/2025 11:00,22.950897379361404,68.37107790798296,4184.9181449412345,1.773198161367241
4/4/2025 12:00,24.77482577235312,62.61532041416081,47942.083980970565,2.057140500723327
4/4/2025 13:00,25.9304244227499,58.51989356398592,38553.99574340113,2.234593016269384
4/4/2025 14:00,28.4787828563215,53.24375999848383,9595.086637079365,2.5776704107523924
4/4/2025 15:00,28.693557184317175,51.74454055524363,87899.19407331309,2.641533628579098
4/4/2025 16:00,31.608899587163787,49.40612551199782,97643.94524408004,2.8447550357376703
4/4/2025 17:00,32.12868665449095,45.31781495410334,3928.659637048506,1.6616779601875091
4/4/2025 18:00,33.2238145646407,40.735315625547386,6804.309706830178,1.267541282246304
4/4/2025 19:00,33.51921793107567,37.740065705576626,100.0,0.0521292197112503
4/4/2025 20:00,33.894248022794244,42.10544328308935,100.0,0.046779983665043934
4/4/2025 21:00,34.38355817538538,35.64960454519817,100.0,0.04821839159965082
4/4/2025 22:00,33.017973359284404,42.00757267160493,100.0,0.050333438066820994
4/4/2025 23:00,32.02721255059242,48.83609348956977,100.0,0.05495897333572417
4/5/2025 0:00,31.303728417382064,43.021726425849195,100.0,0.037791793307573686
4/5/2025 1:00,29.89820580796414,54.41661381368087,100.0,0.03783358620503956
4/5/2025 2:00,27.907251768635046,55.473520201125815,100.0,0.034427947842069664
4/5/2025 3:00,25.94368435038865,61.256663943985316,100.0,0.037064624858888354
4/5/2025 4:00,25.567335531859076,63.06496586281526,100.0,0.03695088665979071
4/5/2025 5:00,23.794644689606706,64.83799729426221,100.0,0.035782384749225835
4/5/2025 6:00,23.19871748850691,66.67716551072787,293.3333769964992,0.22256432872127405
4/5/2025 7:00,21.925283153191238,69.8399183836574,213.35939622143658,0.4651107851481629
4/5/2025 8:00,21.579717694092405,67.5211507089412,494.57647007112246,0.6886263309199775
4/5/2025 9:00,22.544683857394148,70.53885988022968,1075.2591704253591,0.8782953848402673
4/5/2025 10:00,23.219434220078554,67.23670967610596,1883.1142780385544,1.032029632880618
4/5/2025 11:00,22.966534236735942,61.859556644791596,5055.307183169006,1.2771622674287515
4/5/2025 12:00,25.64273938952144,64.43324846543663,2242.323985444694,1.3299823291467179
4/5/2025 13:00,26.032239482716612,60.85603991309598,4062.118220405926,1.7727614461384047
4/5/2025 14:00,27.12374267999873,53.302238560914276,4069.6197873980323,1.8701320583821621
4/5/2025 15:00,29.40698553887729,50.205919930065264,41663.8062239894,2.0206116274474306
4/5/2025 16:00,31.46658252175584,47.016872734812175,5265.902260083861,1.8516701314151671
4/5/2025 17:00,32.3560296183479,44.113570482988855,4687.124357574008,1.1859602953586998
4/5/2025 18:00,32.88925502902406,38.340457769362644,530.4812650406824,0.9193365326565466
4/5/2025 19:00,33.852837061113085,39.6163175661069,100.0,0.03267393675338345
4/5/2025 20:00,33.324673406561764,40.18679361182976,100.0,0.0343546217770341
4/5/2025 21:00,33.40176863772475,42.52090197770803,100.0,0.03531422846209309
4/5/2025 22:00,32.877678422148,41.842245073223076,100.0,0.035534830574188256
4/5/2025 23:00,32.82840833011522,43.77549625439676,100.0,0.03670398886435174
4/6/2025 0:00,31.787559989647946,50.04956948867667,100.0,0.05231582246267931
4/6/2025 1:00,29.529292027892538,49.42978238655235,100.0,0.05495221567164628
4/6/2025 2:00,27.017314773073956,55.79720393889136,100.0,0.051017023491064496
4/6/2025 3:00,26.10862894011781,57.87140459526724,100.0,0.05145650929221507
4/6/2025 4:00,24.414000690807523,60.544613902875035,100.0,0.04815565848359818
4/6/2025 5:00,23.640736921774334,64.81294562447556,100.0,0.04601612148810467
4/6/2025 6:00,22.502901988644474,62.85020082015358,318.26089949149485,0.32201949861906365
4/6/2025 7:00,21.708187699342904,67.12158797864251,591.3606002417807,0.6101063792886395
4/6/2025 8:00,21.772846397333986,69.18874755305262,854.8469827491409,0.9879219621696506
4/6/2025 9:00,21.327075177279585,67.76660063966632,2766.034418545882,1.179413867437155
4/6/2025 10:00,22.898141480551867,71.16804951689473,9607.836262474966,1.4146474030441611
4/6/2025 11:00,23.489484293863416,63.5964258503965,5941.699188999439,1.629037915642157
4/6/2025 12:00,24.292257329256383,65.35112033470548,16724.554132349258,2.093163470219522
4/6/2025 13:00,27.08766196827096,58.70925271957351,38321.48491502151,2.5508333296228707
4/6/2025 14:00,27.61917957666399,55.950897210662845,57890.169942932516,2.8341900490632406
4/6/2025 15:00,29.71735906715826,48.315303553201055,82969.6617833406,2.7129294658941983
4/6/2025 16:00,31.349263165713978,48.73941325968294,28226.464293209352,2.7988670689459463
4/6/2025 17:00,32.51040996626851,44.331302435513635,8713.023768626777,1.6042759265375977
4/6/2025 18:00,32.705569696874754,40.615454049881286,7509.935116408528,1.368403558002415
4/6/2025 19:00,33.40624814346019,41.80263970482152,100.0,0.04709210684999592
4/6/2025 20:00,34.17560326243764,39.477486121353266,100.0,0.04745391123918196
4/6/2025 21:00,34.421658406468076,38.64737508810232,100.0,0.04855150440631375
4/6/2025 22:00,32.51308121026106,38.96529659387803,100.0,0.053508299817652843
4/6/2025 23:00,31.53457606278677,47.87790135258614,100.0,0.05033858772391157
4/7/2025 0:00,31.67230544425864,47.27053565662733,100.0,0.03
4/7/2025 1:00,29.734518181783447,49.65509586954909,100.0,0.03
4/7/2025 2:00,28.083956819627648,55.48608118407086,100.0,0.03
4/7/2025 3:00,27.245400764609638,58.88170420615271,100.0,0.03
4/7/2025 4:00,25.28810731979548,66.82775498995649,100.0,0.03
4/7/2025 5:00,23.204214852176563,67.85712470213278,100.0,0.03
4/7/2025 6:00,23.091040285188928,67.77453684257542,110.41164732974215,0.1347554799671455
4/7/2025 7:00,21.14699693653577,73.7762762674198,152.16964544084922,0.27134604400655954
4/7/2025 8:00,21.75749816499602,69.53177415298146,116.69860850518917,0.355914561068183
4/7/2025 9:00,21.997622998447703,72.39386882559147,149.96303365624513,0.4675541061677509
4/7/2025 10:00,22.725947665669587,69.76001684321768,527.1745249224156,0.5828595994750473
4/7/2025 11:00,23.798425952110914,66.71863238478802,488.74421811018794,0.7692771287181034
4/7/2025 12:00,24.572018387755797,60.9297252620237,342.57370822332746,0.7542121110812361
4/7/2025 13:00,25.342203982029208,61.564541987678695,292.94501568314064,0.9148506022776083
4/7/2025 14:00,28.208830448000477,54.731405348837264,2456.586420926717,1.1306067682957024
4/7/2025 15:00,28.94304845435353,52.833380187712805,808.3574526205895,0.9678393182058603
4/7/2025 16:00,30.290915662295816,47.50870961580896,2687.119686958781,1.0573684540218857
4/7/2025 17:00,32.17461630844489,45.57445577282898,248.5128260479306,0.6963419723456172
4/7/2025 18:00,33.71112176572889,41.0106673144429,667.1832353672785,0.5399156836176249
4/7/2025 19:00,34.19907141157124,43.96774635657677,100.0,0.03
4/7/2025 20:00,33.9850520987554,40.84138456769967,100.0,0.03
4/7/2025 21:00,33.745142899514796,42.06015908725183,100.0,0.03
4/7/2025 22:00,33.151533102123985,42.43440226891498,100.0,0.03
4/7/2025 23:00,31.890220339272965,45.89648764641755,100.0,0.03
4/8/2025 0:00,30.714109328556795,48.67837025559243,100.0,0.05290764382049227
4/8/2025 1:00,29.43220434728325,50.16226709868018,100.0,0.04616992330226591
4/8/2025 2:00,28.311081621940755,54.06624772617535,100.0,0.0466754462165036
4/8/2025 3:00,25.60290347454982,60.27290874373243,100.0,0.054659323239492956
4/8/2025 4:00,25.688635437699467,66.2571658772613,100.0,0.04712651574086851
4/8/2025 5:00,22.900542243588436,66.87621862722189,100.0,0.05025533407563801
4/8/2025 6:00,22.859848262551306,63.72779286636505,220.13549445635235,0.32482738887753243
4/8/2025 7:00,22.900162430799025,72.80963598968549,861.009747400362,0.6117936177294441
4/8/2025 8:00,21.57562074231467,67.55215912486312,813.6248529696855,0.8302679541603075
4/8/2025 9:00,21.881972672956717,67.25396225968967,9385.891847024172,1.1986582923934803
4/8/2025 10:00,22.520019093919398,67.30267987127465,10773.674730301753,1.5521764605313326
4/8/2025 11:00,23.357286293338156,65.26663635438675,8943.352921284528,1.916004852044779
4/8/2025 12:00,25.487850543987754,60.04872381863123,7495.553956987486,1.9446201706613724
4/8/2025 13:00,25.693854776771367,59.563416022133644,103504.95025916678,2.493561381642479
4/8/2025 14:00,27.162342544436548,55.97389834410836,74744.51270209973,2.4868753057219504
4/8/2025 15:00,29.311579375758573,52.743874436332376,110056.65681577448,2.899502671305111
4/8/2025 16:00,31.364746864610932,48.44361836247413,17541.841681656588,2.8284044500073144
4/8/2025 17:00,31.855601313453985,44.988319296163546,9889.664785767787,1.468427549734357
4/8/2025 18:00,33.55410355928362,40.507935249962536,5629.333903520784,1.3730993420560502
4/8/2025 19:00,33.313620579757156,41.89299881414394,100.0,0.04620571830217016
4/8/2025 20:00,34.2378690818351,38.02291285760698,100.0,0.053276173859125434
4/8/2025 21:00,33.11103746677034,41.76905395121571,100.0,0.05368722185365241
4/8/2025 22:00,32.2136833208644,44.77287455243418,100.0,0.04553017388314324
4/8/2025 23:00,32.36338347265273,43.59757558562143,100.0,0.04578872505260441
4/9/2025 0:00,30.689949409811287,48.822257013737115,100.0,0.03
4/9/2025 1:00,29.822113043856596,48.35729680864487,100.0,0.03
4/9/2025 2:00,27.650746791242526,55.85139912237095,100.0,0.03
4/9/2025 3:00,25.692451782216292,61.442567143651985,100.0,0.03
4/9/2025 4:00,24.846872957972423,61.050998020007476,100.0,0.03
4/9/2025 5:00,23.732757790738784,65.15849146543641,100.0,0.03
4/9/2025 6:00,22.96501764206226,68.65205709889472,3.9594330203441177,0.07257786796779574
4/9/2025 7:00,21.76394051487179,67.96950983419059,49.68797872113621,0.12774311910195438
4/9/2025 8:00,22.32989549201011,73.2645563815079,44.728214237775575,0.1668400844854098
4/9/2025 9:00,22.177824389456728,67.4584640121817,66.43604740864454,0.23923324042426508
4/9/2025 10:00,22.682676856039237,66.29545625924922,96.62374215398924,0.27387334230544347
4/9/2025 11:00,22.881007155535716,66.21492760889434,61.54125390377196,0.3351720060210647
4/9/2025 12:00,24.565212385573897,60.87439443366119,53.4523541132223,0.3765406939296627
4/9/2025 13:00,25.915174530235202,57.81289471823607,29.426737376628786,0.4624254445823206
4/9/2025 14:00,28.519545035098137,52.066394571897526,320.0991418028278,0.5472992898501026
4/9/2025 15:00,30.492678437740118,52.42928218847951,363.87508830098034,0.5536035935847117
4/9/2025 16:00,30.600797013075944,44.908480611527196,264.4850786357382,0.5246731358156725
4/9/2025 17:00,31.78100857713534,42.935644091308056,28.370929456454913,0.31689874664531803
4/9/2025 18:00,32.57787328171825,41.911198153761084,28.36426659440139,0.2858131458251873
4/9/2025 19:00,34.414062545227274,41.1675093294617,100.0,0.03
4/9/2025 20:00,34.234839974562576,38.23602202977647,100.0,0.03
4/9/2025 21:00,34.19213054920499,37.67716028074166,100.0,0.03
4/9/2025 22:00,33.065620099105814,41.9993944183718,100.0,0.03
4/9/2025 23:00,31.913529686554522,43.94883700947623,100.0,0.03
4/10/2025 0:00,31.446459614921523,46.95367682005267,100.0,0.03514128125864498
4/10/2025 1:00,28.747009682113397,53.61648246208858,100.0,0.033233339005130334
4/10/2025 2:00,28.626633228717452,52.41908494420461,100.0,0.031626318990352315
4/10/2025 3:00,26.341071973086457,60.2777907429274,100.0,0.03797291411863332
4/10/2025 4:00,25.823082036506158,64.63992093065981,100.0,0.03642308823221137
4/10/2025 5:00,23.670756837131886,66.50375436654983,100.0,0.03178396247737962
4/10/2025 6:00,23.005395953466962,69.30415683914565,109.03226163647093,0.22130508391033538
4/10/2025 7:00,23.228391795445518,70.65127004103921,306.3468916520205,0.46916798720397745
4/10/2025 8:00,21.938912544206026,69.57970617412853,1075.176857208268,0.6082172421868163
4/10/2025 9:00,21.695743514631918,72.81653068858559,1307.0277104499708,0.7571954859019846
4/10/2025 10:00,22.81805846740638,67.69074784812767,2866.9281617892484,1.0808673679871157
4/10/2025 11:00,23.358760810399765,65.76958765761653,4681.539137902043,1.1794513533352755
4/10/2025 12:00,24.76221375396211,59.9832220246232,7013.979183069293,1.472451361494693
4/10/2025 13:00,26.453720272348978,60.0919958527575,2419.8738843480314,1.5952232470873793
4/10/2025 14:00,28.40587152020982,57.4223369654445,3140.3406385672233,1.8493413533189476
4/10/2025 15:00,29.296226543385835,50.73574395922919,6589.098264304374,1.8209528204934777
4/10/2025 16:00,31.523797795771323,49.60800675647405,3705.725456383432,1.7224618985752225
4/10/2025 17:00,31.612909151316785,41.69677956742179,4360.230994558122,1.016465357591883
4/10/2025 18:00,32.97513820444985,42.66257895190249,1124.6227810366452,0.9361599256895529
4/10/2025 19:00,33.23459752372636,40.83313506812439,100.0,0.035492715649350505
4/10/2025 20:00,34.209924410919896,41.22509936085439,100.0,0.038027890159623684
4/10/2025 21:00,33.16563104575346,41.21848399983833,100.0,0.033512772672641675
4/10/2025 22:00,33.77636794713432,43.11667975874482,100.0,0.03581658584582283
4/10/2025 23:00,31.84943797738306,41.702958739250775,100.0,0.0364911612469677
4/11/2025 0:00,30.66825096135626,48.77442355054432,100.0,0.05221268083600055
4/11/2025 1:00,30.1013356358458,53.64132836624183,100.0,0.054757979637884605
4/11/2025 2:00,27.956138106856287,57.60017800560826,100.0,0.04884301997167808
4/11/2025 3:00,26.391110299921337,57.97782216795863,100.0,0.049923391343541415
4/11/2025 4:00,24.236415740586757,61.314445467335375,100.0,0.04819935854585588
4/11/2025 5:00,23.59998469948094,66.12732909974946,100.0,0.05413659110527237
4/11/2025 6:00,22.246330140178305,70.19151646835486,99.0822324726954,0.3144351206252377
4/11/2025 7:00,22.351038535185495,72.90535431537154,1246.599252926536,0.6388168325516617
4/11/2025 8:00,21.9746668295838,69.0245211148857,871.6369227880566,0.8293623330565499
4/11/2025 9:00,21.44610336601129,67.5106610346975,8388.760587150575,1.2922069332354287
4/11/2025 10:00,22.252007938880958,69.25496740013143,3964.2855357257436,1.4076479551860237
4/11/2025 11:00,23.443446226159953,66.41206569551403,10879.036561715102,1.7754526208863792
4/11/2025 12:00,23.978017341398964,61.843347679328126,8710.847986475186,1.890510290507787
4/11/2025 13:00,26.835427490861942,59.17731274592596,85183.59269917716,2.452148926815346
4/11/2025 14:00,28.304557120439018,54.18482441133028,26195.70750864686,2.4940918461201664
4/11/2025 15:00,29.158298141926473,48.62476504234598,62621.87456604479,2.512607183748694
4/11/2025 16:00,31.32451489922831,50.886623481595706,52727.06633668527,2.8201687540015454
4/11/2025 17:00,32.363767604695475,46.458481604030034,10126.442197847235,1.5292282171690088
4/11/2025 18:00,33.055831183031586,38.92026396654107,8250.000643706013,1.4488705628943666
4/11/2025 19:00,33.682260753203806,40.97921553581365,100.0,0.048031560841324664
4/11/2025 20:00,33.35773744841176,39.80641844887903,100.0,0.052469820404898906
4/11/2025 21:00,33.710449349039685,39.29661671572796,100.0,0.04941526354534876
4/11/2025 22:00,33.397079456567155,43.00392050209947,100.0,0.05446208199423622
4/11/2025 23:00,32.1829288989743,43.032603181735354,100.0,0.05453758857779361
4/12/2025 0:00,32.069562727543776,46.216943858310856,100.0,0.0505973812521672
4/12/2025 1:00,29.76521276253278,50.8505493673052,100.0,0.050472732670279366
4/12/2025 2:00,27.39481109623748,55.32576115572665,100.0,0.05270357025739786
4/12/2025 3:00,25.741361976383203,59.083797161031036,100.0,0.04716092220379894
4/12/2025 4:00,25.267259399336368,63.7307638647115,100.0,0.0452297471959296
4/12/2025 5:00,23.941476243910696,68.0129161206383,100.0,0.04767898904094262
4/12/2025 6:00,23.418549041805033,67.62824333032765,464.15559555525334,0.30478640905713644
4/12/2025 7:00,23.0190586240581,72.15152295279239,1925.94735235815,0.5594717782692551
4/12/2025 8:00,22.083713650875637,72.88106563713286,1407.7398460815132,0.8709339027543331
4/12/2025 9:00,23.38279719081357,66.67296252455307,8592.311953776723,1.090831059383118
4/12/2025 10:00,23.093543130417544,69.34457764806513,5334.464142074645,1.5821692585526534
4/12/2025 11:00,23.74230403852124,62.6018354546481,3711.3255279345744,1.742209623822183
4/12/2025 12:00,23.968488993942866,66.04539223946051,5928.118732764918,1.969648117632903
4/12/2025 13:00,25.110167857872998,64.44001427149293,40452.845422164595,2.476906128971302
4/12/2025 14:00,28.042242387944558,51.72162985425984,15515.867399701592,2.6814811034643196
4/12/2025 15:00,29.84350472702313,51.05500303473699,36269.919709326125,2.945037960757047
4/12/2025 16:00,29.89562464317351,46.08573304722815,72857.15974604311,2.7401959229889163
4/12/2025 17:00,31.76176826220123,43.65851673637297,7158.742425067066,1.6109530551282651
4/12/2025 18:00,33.145003666148476,44.342889501922414,6770.224505952427,1.3108665545712286
4/12/2025 19:00,33.53035331176413,41.13929127612706,100.0,0.046202839420920426
4/12/2025 20:00,33.63292277685709,37.86873078542178,100.0,0.048781392700088105
4/12/2025 21:00,33.9398175882596,41.87913766478185,100.0,0.0506860193358129
4/12/2025 22:00,33.11825398973555,43.739929030100456,100.0,0.04506684926063294
4/12/2025 23:00,32.56391098947595,48.383944514370754,100.0,0.049731855325583156
4/13/2025 0:00,30.91259777162512,49.70137401122655,100.0,0.04609195785534177
4/13/2025 1:00,30.382903709623275,50.838573293324714,100.0,0.04958012823909783
4/13/2025 2:00,28.029243244231328,55.38387934232883,100.0,0.049946592051974596
4/13/2025 3:00,25.84175797414977,59.58761440653879,100.0,0.046777825863824805
4/13/2025 4:00,25.10422055937188,60.2683664659375,100.0,0.04761079271752927
4/13/2025 5:00,23.880510076635712,61.73926882952273,100.0,0.053964423128515786
4/13/2025 6:00,21.828459411212847,68.95638339521332,148.3457737163548,0.32543276453833175
4/13/2025 7:00,23.508992329075397,68.04926476680092,1789.016202152665,0.6117752611231209
4/13/2025 8:00,21.772991757631864,69.7025487990218,1788.2755428123955,0.9806588255042779
4/13/2025 9:00,22.00013811237793,71.93503802430894,4928.375970862353,1.204745770959166
4/13/2025 10:00,22.7864990785934,68.05707525214751,8283.854015879751,1.514134074219721
4/13/2025 11:00,24.21234684573195,64.93241430097838,9284.855485359261,1.7176530127744645
4/13/2025 12:00,24.65663567042602,65.5060448909289,85169.8624919262,2.1357416243438805
4/13/2025 13:00,27.402443019274635,60.381292971003504,55663.635270051236,2.134411097916806
4/13/2025 14:00,29.155858854154168,56.45195388344721,79314.88484037257,2.358657122518883
4/13/2025 15:00,29.91112931558248,47.403630656123006,40513.54728182115,2.732372170012632
4/13/2025 16:00,30.946946528867002,45.25516794144093,86235.68459988524,2.7065601953885743
4/13/2025 17:00,32.002097359456144,44.0303762852769,6186.45849915396,1.6549086782766433
4/13/2025 18:00,33.37926554571895,45.800618066129985,10702.426177396892,1.3733897589174002
4/13/2025 19:00,33.58853290538393,40.86299779672356,100.0,0.054530436109536985
4/13/2025 20:00,34.59477220250724,39.035580379203694,100.0,0.047556334889710505
4/13/2025 21:00,34.11158364146177,37.64972154102388,100.0,0.04585227130568306
4/13/2025 22:00,32.82607187942935,43.765175567832706,100.0,0.04826635388614073
4/13/2025 23:00,32.75745009099879,48.52644184501933,100.0,0.047750728790858066
4/14/2025 0:00,30.62141243159659,43.57474958241994,100.0,0.03
4/14/2025 1:00,28.576295374200523,48.50027467684923,100.0,0.03
4/14/2025 2:00,28.46857818462751,53.5917751556425,100.0,0.03
4/14/2025 3:00,26.315748424789653,57.85365643204274,100.0,0.03
4/14/2025 4:00,25.398743495117177,66.20964739296389,100.0,0.03
4/14/2025 5:00,23.677601974877785,62.60377125833819,100.0,0.03
4/14/2025 6:00,22.47849482983872,68.05977473127096,206.9945726864727,0.1385054704136343
4/14/2025 7:00,22.748511914762293,68.69046944056377,159.5833874784819,0.24244522834156187
4/14/2025 8:00,21.696747738225696,71.89660344921361,60.39618888766846,0.3305063894989071
4/14/2025 9:00,21.917783573366947,71.15010234340491,259.5933263919492,0.5014211345733284
4/14/2025 10:00,22.42482911669027,64.46667319643694,591.8354026723457,0.6351522223526358
4/14/2025 11:00,23.773007996145807,70.03426345427381,851.6897011345274,0.6479861217831187
4/14/2025 12:00,24.1817420894764,61.908695463234,476.42899973693505,0.7732230047970698
4/14/2025 13:00,25.531432246863684,60.83308910454505,2117.1377690233026,1.0199123276636246
4/14/2025 14:00,28.02326238071269,55.67861222828505,3381.8039390636573,1.0320891884908219
4/14/2025 15:00,29.254919050938444,50.33876522841407,507.51400811729775,0.9725219252556676
4/14/2025 16:00,31.099960300997846,49.58878028914542,439.7568940836522,0.9949576313842836
4/14/2025 17:00,33.05090339940032,42.30881961584826,259.1206637398259,0.6619843342998661
4/14/2025 18:00,33.098268969130544,45.59940014087162,705.4469865318636,0.5311499678040974
4/14/2025 19:00,33.86599923278765,41.09090446056996,100.0,0.03
4/14/2025 20:00,34.039442804039744,41.90704404825854,100.0,0.03
4/14/2025 21:00,34.70078672405084,43.91796426159921,100.0,0.03
4/14/2025 22:00,33.19051624094669,39.323809930660495,100.0,0.03
4/14/2025 23:00,31.657074203830113,42.5443971213881,100.0,0.03
4/15/2025 0:00,31.355006456921487,48.687397575053154,100.0,0.03271067497440178
4/15/2025 1:00,29.693110780721277,48.809001799930776,100.0,0.03543303650382705
4/15/2025 2:00,28.07324205594426,55.638080038571964,100.0,0.03704422931592204
4/15/2025 3:00,26.145962869250752,58.701513050347145,100.0,0.037813682435700775
4/15/2025 4:00,24.98120478410709,60.6741867712825,100.0,0.036603573240322825
4/15/2025 5:00,24.579188646761914,62.62078949681407,100.0,0.033061303651718284
4/15/2025 6:00,22.816475995050563,67.99083202715367,89.9397691467273,0.2450116356289003
4/15/2025 7:00,22.32842664196623,68.92072786162943,189.1853958549,0.4596624182814972
4/15/2025 8:00,21.785243882439364,69.32862051737983,769.5715274755856,0.6492943672219585
4/15/2025 9:00,22.239692701504705,66.96109470638106,712.513972346691,0.7872073978738852
4/15/2025 10:00,22.06317781566584,67.18216521701156,5806.631324088024,1.0644920941947102
4/15/2025 11:00,24.34970374565787,67.11448934626041,5098.866812586826,1.1597573563031587
4/15/2025 12:00,24.411875262370614,63.297873188309275,7040.23724005741,1.5294939376461398
4/15/2025 13:00,25.8483330248814,57.70892211067849,6214.442150076685,1.5718596674898497
4/15/2025 14:00,27.398773674963124,52.36089353535596,1614.2244370157923,1.867812992087353
4/15/2025 15:00,28.658989469788242,50.09880840266424,3158.031463340246,1.8038865824916248
4/15/2025 16:00,30.700782483973917,48.27492002850149,2762.3651333748758,1.8089320329261471
4/15/2025 17:00,31.86953969123114,44.56561871585255,6721.9330920887005,1.2064780413989684
4/15/2025 18:00,33.09550788685002,38.82186834684714,4620.917734915269,1.009460800385103
4/15/2025 19:00,33.35634739442639,41.41420901621992,100.0,0.0364669460249236
4/15/2025 20:00,33.91873528669288,42.022604681883,100.0,0.03759724638259706
4/15/2025 21:00,33.48503593002071,40.87543162918592,100.0,0.03226000890833403
4/15/2025 22:00,32.43396549404695,40.51144459946055,100.0,0.03789978142949792
4/15/2025 23:00,31.656362056608007,43.506637790457056,100.0,0.03607753987135825
4/16/2025 0:00,30.26646535749616,49.55026844287584,100.0,0.047212800800496224
4/16/2025 1:00,29.492039906976885,45.67087262654626,100.0,0.05482765768769035
4/16/2025 2:00,27.957288619245304,55.41223767878832,100.0,0.046425977182666334
4/16/2025 3:00,26.40923290461049,57.0489342888468,100.0,0.051625829691397396
4/16/2025 4:00,24.903901128710395,60.954301882878696,100.0,0.04510608787674659
4/16/2025 5:00,23.784023997260903,66.60815428237288,100.0,0.05078798931666002
4/16/2025 6:00,22.2132812834962,70.63249961673124,156.77008122482576,0.3536211697672165
4/16/2025 7:00,22.542281478076692,68.19175244390874,1649.1531473729863,0.6470564330151468
4/16/2025 8:00,22.00598320968477,71.32948097762429,524.4472656398012,0.9161446380576529
4/16/2025 9:00,22.638828829348192,73.75692895364844,2950.031801148353,1.3029368387729245
4/16/2025 10:00,23.759372043915015,66.90670832771947,3691.1039572833265,1.4709540701101511
4/16/2025 11:00,23.58689727322952,64.39592606785617,5791.663447903377,1.7037518046924989
4/16/2025 12:00,24.978015427738082,61.745121345731945,47401.715869737964,2.157556574881543
4/16/2025 13:00,26.80917216985133,58.20737514185103,26028.01734903589,2.258208640216806
4/16/2025 14:00,27.993279413544894,55.93244478254868,39213.12448819905,2.4841851903851775
4/16/2025 15:00,29.21390389355288,48.11096139551877,60243.723715681605,2.5761075043454755
4/16/2025 16:00,30.112483853641105,46.946576298005795,81497.0617748933,2.759916100215893
4/16/2025 17:00,32.177451501825146,41.852663129977415,4255.859702602875,1.4946849828004056
4/16/2025 18:00,33.03940736564482,41.15136321412259,3003.7423202019186,1.2357147336584495
4/16/2025 19:00,32.93593543655463,40.22293860652421,100.0,0.05416180148545703
4/16/2025 20:00,33.29822757455724,40.87226088050472,100.0,0.05292104394565958
4/16/2025 21:00,32.70133720975467,42.264110191172634,100.0,0.04700352455149825
4/16/2025 22:00,33.23651802156481,41.5342549077777,100.0,0.048547448906243545
4/16/2025 23:00,32.18505972944034,49.056037570009124,100.0,0.04637245383871987
4/17/2025 0:00,30.306529217203618,48.032034478272976,100.0,0.04643918818597679
4/17/2025 1:00,29.539307328645002,52.60291962540914,100.0,0.05209267660259728
4/17/2025 2:00,27.815149571883467,53.48823913151241,100.0,0.048333831069829705
4/17/2025 3:00,26.479360465121637,57.532238164949874,100.0,0.05263315322473468
4/17/2025 4:00,24.94698560601836,62.17108035817181,100.0,0.050297268527709965
4/17/2025 5:00,23.31979480019987,71.3432765966471,100.0,0.05047296320215786
4/17/2025 6:00,23.12623876649489,71.30239725640548,168.52973985324488,0.35944380513705426
4/17/2025 7:00,22.66121988995426,70.7810103434704,2212.3665722442242,0.6084419755930613
4/17/2025 8:00,22.86035726320742,71.96727175100911,1283.876434901701,0.8123589912120384
4/17/2025 9:00,22.59676571395336,68.13182342597747,3578.551233770967,1.1964852216799624
4/17/2025 10:00,22.99068865685805,71.08221356478937,4481.091034652092,1.6061916314224745
4/17/2025 11:00,23.587057609392428,63.94442534327295,7862.574335040105,1.8167402267555353
4/17/2025 12:00,24.9552577561541,64.62648927156854,66012.48154613549,2.204204437210682
4/17/2025 13:00,25.711418467765945,61.26784543036208,45744.93542442812,2.1873020499895386
4/17/2025 14:00,28.211720101438512,58.587111884375254,31853.68313137955,2.664246824113197
4/17/2025 15:00,29.962920103739055,48.350220719011304,68799.19024776707,2.897136178214241
4/17/2025 16:00,30.827445485015915,47.21863455296213,99692.38804065596,2.5448963019311064
4/17/2025 17:00,31.850895878076628,43.742201839099685,1735.184846956985,1.4737826037311748
4/17/2025 18:00,33.16729230663153,41.736272019908164,10026.057993294771,1.3946007965760614
4/17/2025 19:00,33.85991087980646,42.361479628968205,100.0,0.047971706331727926
4/17/2025 20:00,34.31666438982254,38.85491751028105,100.0,0.049860672995875724
4/17/2025 21:00,33.23099278318629,38.08433856184364,100.0,0.048245232498666996
4/17/2025 22:00,33.39727513580994,42.373777710793064,100.0,0.04645583848892198
4/17/2025 23:00,32.939523429917976,45.20999306283585,100.0,0.049030928895333836
4/18/2025 0:00,32.10106312048776,51.63645915136317,100.0,0.03
4/18/2025 1:00,29.512488812150146,51.433292392275995,100.0,0.03
4/18/2025 2:00,27.480950101122154,56.46814946203092,100.0,0.03
4/18/2025 3:00,25.624262327365205,59.18942054566707,100.0,0.03
4/18/2025 4:00,24.18652004217431,63.79489363192658,100.0,0.03
4/18/2025 5:00,24.317082482451543,65.59026795596276,100.0,0.03
4/18/2025 6:00,22.13724142798895,68.0235239364498,17.595312997704163,0.06881308653534166
4/18/2025 7:00,21.805008946551286,67.9756427239997,53.60865176862689,0.12842936523970705
4/18/2025 8:00,21.481691511151293,71.84084768406109,21.076661503669,0.1647704045166
4/18/2025 9:00,22.467781315774737,71.36809160277674,92.613085787861,0.23491033882245824
4/18/2025 10:00,22.264717393681266,64.33402179683868,81.43021133892246,0.30833137871731753
4/18/2025 11:00,23.98817575490735,65.81590585172489,96.47174217384868,0.3500433516926147
4/18/2025 12:00,24.711137994834004,65.60015023989543,83.97689790852489,0.41443530206272566
4/18/2025 13:00,27.363571145787134,59.93915687561051,43.03659362308282,0.4720578811829228
4/18/2025 14:00,27.206395879405687,58.094036665605756,319.6853437777003,0.5592869444902684
4/18/2025 15:00,28.859319065014034,49.942612432325845,275.73397853491076,0.5322880609072966
4/18/2025 16:00,31.327726858375968,47.4838452140607,29.446578071243643,0.48228386974831144
4/18/2025 17:00,32.076817351825056,41.42837325888493,49.74021950137615,0.3401052773957384
4/18/2025 18:00,33.58496219625421,40.464437945884114,82.62905569859062,0.24609278612614388
4/18/2025 19:00,33.41355911651324,43.84273584956922,100.0,0.03
4/18/2025 20:00,33.417944110128325,41.77071169159401,100.0,0.03
4/18/2025 21:00,33.77358862490775,42.37743297643079,100.0,0.03
4/18/2025 22:00,32.81895226186524,39.63853057479872,100.0,0.03
4/18/2025 23:00,32.7504567157075,44.570902179125234,100.0,0.03
4/19/2025 0:00,30.26520979954502,47.50205054400706,100.0,0.05030298950533664
4/19/2025 1:00,30.37049807613178,48.445750376368316,100.0,0.05119380343621465
4/19/2025 2:00,28.172632882999636,56.56691737732097,100.0,0.05316309285058475
4/19/2025 3:00,26.507679598281946,56.977705688799595,100.0,0.047239151766151996
4/19/2025 4:00,24.94420776180843,64.4108995515913,100.0,0.04922289818779288
4/19/2025 5:00,23.69631888577804,66.16005236205211,100.0,0.04743120940593994
4/19/2025 6:00,23.163252029510343,65.8732428580739,286.0318579006155,0.3550609425922592
4/19/2025 7:00,22.456665870763374,72.3226150709344,1264.5449344596316,0.6484045376311596
4/19/2025 8:00,22.160247073456095,68.32405880402094,1071.0781840952368,0.9766933291789134
4/19/2025 9:00,22.2229491880445,73.23767899850367,4996.975724861634,1.069488937084015
4/19/2025 10:00,23.563331473644375,66.74587631812439,7030.875431638672,1.5744688517008982
4/19/2025 11:00,23.711422354049247,68.11642145543104,6231.481627257067,1.8512231986220042
4/19/2025 12:00,25.12762592909097,61.273654587001445,50120.52776296899,2.219519607319031
4/19/2025 13:00,25.9106175885459,59.016037945206534,69202.9468795564,2.1662274709197633
4/19/2025 14:00,27.538477358230114,55.86491113805498,44545.72227185938,2.4202342552601683
4/19/2025 15:00,29.19216365479339,49.598169497461065,59789.85865113279,2.5237815845848908
4/19/2025 16:00,31.865608830279665,46.46911806773563,64610.240382197575,2.3754737971729663
4/19/2025 17:00,33.34573744705946,45.06729335148101,10812.65958742074,1.4499304232477825
4/19/2025 18:00,33.30257871474222,42.90001388025565,2231.953973248744,1.2962397458292139
4/19/2025 19:00,34.165210481792094,42.42422752267021,100.0,0.05288046696552961
4/19/2025 20:00,33.906721846522224,42.571433856193046,100.0,0.048763135898858875
4/19/2025 21:00,33.45849398897144,42.27199180874436,100.0,0.054183839647005454
4/19/2025 22:00,32.276402212569245,43.071940912521484,100.0,0.04996191472479998
4/19/2025 23:00,31.248503100082566,43.45735407695702,100.0,0.04900799546461506
4/20/2025 0:00,30.856803288650326,45.36652784188882,100.0,0.03636363641975836
4/20/2025 1:00,29.028537734182372,51.60198992960475,100.0,0.03219850002463592
4/20/2025 2:00,27.424448678951077,56.5209716171759,100.0,0.0352104010397606
4/20/2025 3:00,26.528063382181163,57.285171600000936,100.0,0.03723738769236798
4/20/2025 4:00,25.674486687828203,62.52240197477616,100.0,0.03535887936854798
4/20/2025 5:00,22.893233629768766,64.87382565611556,100.0,0.034189478845568104
4/20/2025 6:00,22.334068026048367,70.09825436516357,168.29574061410025,0.22613327187667936
4/20/2025 7:00,22.119928032926733,71.42085651214744,347.4502976320275,0.41423985283664494
4/20/2025 8:00,21.664884070698324,69.30925240409131,509.80580941511784,0.6550038651794412
4/20/2025 9:00,22.52491170231056,68.11599747616545,539.0407802357773,0.7822645167081314
4/20/2025 10:00,22.390890801935853,65.96199463323657,3123.548771442638,1.0880771891198902
4/20/2025 11:00,24.49439156429557,64.70509815183077,4584.523884162719,1.1144196876851837
4/20/2025 12:00,25.17830251459252,63.91107585493638,2197.98125658436,1.2891444662093148
4/20/2025 13:00,26.53229948372944,61.099178993293805,5995.302650518722,1.6068648807935408
4/20/2025 14:00,28.253932381611225,54.22512407211703,4661.276476483706,1.980125444119301
4/20/2025 15:00,29.114230594508935,49.46333558984858,39800.177038808855,2.056496547889645
4/20/2025 16:00,30.817529583527342,47.770874828806164,6739.312868587177,1.7561605541978795
4/20/2025 17:00,31.838614550975397,45.5839011850954,5656.293826588836,1.0561893680308028
4/20/2025 18:00,33.99023867765218,43.3897692532808,837.9681225777263,0.8729842824294138
4/20/2025 19:00,32.70657487352826,41.30136732955984,100.0,0.035544310244490236
4/20/2025 20:00,34.08305907282477,35.91906952815119,100.0,0.03389257971823649
4/20/2025 21:00,33.65436658121709,40.69581534722216,100.0,0.03272866749505203
4/20/2025 22:00,32.688777691369616,43.81255005033142,100.0,0.034657321198235835
4/20/2025 23:00,33.03609211475147,45.268431571651874,100.0,0.03372822755079835
4/21/2025 0:00,31.15400901606442,49.21999256118497,100.0,0.03
4/21/2025 1:00,29.80279443532402,50.67011479026261,100.0,0.03
4/21/2025 2:00,27.74586929155363,59.393396574157826,100.0,0.03
4/21/2025 3:00,26.79700694514999,59.76347668674691,100.0,0.03
4/21/2025 4:00,25.069145938417265,60.53206512447712,100.0,0.03
4/21/2025 5:00,23.035208501727183,64.51209305666957,100.0,0.03
4/21/2025 6:00,22.428806112817824,68.06988374155523,53.06627625345305,0.13428827906382274
4/21/2025 7:00,21.36602060274176,71.03894243244774,71.33021786707309,0.26364529244403284
4/21/2025 8:00,22.166757235940665,75.04835417881789,217.43773431741928,0.3465087476586007
4/21/2025 9:00,21.95159408212078,64.78713658486302,95.3827522579688,0.4632929377870845
4/21/2025 10:00,22.98879344700962,66.43902806363647,180.58930943116417,0.6362354275491242
4/21/2025 11:00,24.577686179040654,62.069839576025814,429.2442333432645,0.6566439463019176
4/21/2025 12:00,25.23856284605656,60.126508515322264,399.495902485403,0.8360592279497974
4/21/2025 13:00,25.82671979971862,60.33706425420291,1882.9357270151531,1.0042771987345382
4/21/2025 14:00,28.069536924872214,55.754025459454326,372.3707007151018,0.9859009655167228
4/21/2025 15:00,30.256834546829086,51.800121766139384,533.4858096299315,0.9888252690353653
4/21/2025 16:00,31.334708900716628,43.25805083575642,4121.84663887405,1.093826832097683
4/21/2025 17:00,32.15431874900116,45.67769509378645,244.05953805833266,0.6595750988516303
4/21/2025 18:00,33.56597358113993,42.51421624428163,513.4929697182474,0.5265252810623121
4/21/2025 19:00,34.23660353216882,43.19658576419808,100.0,0.03
4/21/2025 20:00,34.6603435062241,38.796840303878994,100.0,0.03
4/21/2025 21:00,33.20403209052853,40.48323397876865,100.0,0.03
4/21/2025 22:00,33.32724156123041,39.84055531753134,100.0,0.03
4/21/2025 23:00,32.28128835362461,43.839606121067064,100.0,0.03
4/22/2025 0:00,30.392153105588786,47.14645488091183,100.0,0.050952200825209217
4/22/2025 1:00,29.47731447631729,48.83596803161828,100.0,0.04988522361608817
4/22/2025 2:00,27.45496546084567,54.36718981270594,100.0,0.051067758312446115
4/22/2025 3:00,26.572687026833545,57.680680079305496,100.0,0.04835712744518866
4/22/2025 4:00,25.240871938433155,63.29780131513858,100.0,0.05392080700949478
4/22/2025 5:00,23.528798399511096,65.9765249316685,100.0,0.05261259461742207
4/22/2025 6:00,22.442613232279204,65.6415476974619,190.7232876093575,0.35957156092734893
4/22/2025 7:00,21.928050014171365,67.30345245731446,1921.444438847756,0.675471889444342
4/22/2025 8:00,22.822019684243312,71.42145556538266,1568.0992239016,0.880899034660059
4/22/2025 9:00,22.50214808977034,70.1189420866958,8392.225740963995,1.1274083156699342
4/22/2025 10:00,22.970088642559123,67.65422646787526,10389.518944404785,1.4949975410805156
4/22/2025 11:00,23.411533781683026,63.05452170335451,10320.321756339647,1.8852808379581123
4/22/2025 12:00,25.085522538937177,60.51922549499056,7512.01793492926,1.9862018189285224
4/22/2025 13:00,25.72956915682598,58.283713595994094,56090.03887570113,2.184307093632161
4/22/2025 14:00,28.14977460743315,58.35882625433522,48107.17742662517,2.826623244899892
4/22/2025 15:00,30.85807569021537,54.31058136982623,45332.22506700801,2.6548916007215877
4/22/2025 16:00,30.936095984684698,47.35578125465252,11372.833687469903,2.775910711135678
4/22/2025 17:00,32.18780417360508,44.41883782008893,5149.889110544089,1.742712819971797
4/22/2025 18:00,32.93205185960192,42.1964134668912,2883.412303520296,1.3815160193602105
4/22/2025 19:00,33.82674669972241,40.347237946420805,100.0,0.053213411880910846
4/22/2025 20:00,34.88967160258426,39.06301006002408,100.0,0.04605688493636855
4/22/2025 21:00,33.230081908514926,40.21769620425899,100.0,0.05491727250175227
4/22/2025 22:00,33.77919910075115,41.72092256684297,100.0,0.05030049260207778
4/22/2025 23:00,31.218185311734217,45.98630719086437,100.0,0.05105205180765067
4/23/2025 0:00,30.28514236124012,44.20778864804198,100.0,0.04937767408751422
4/23/2025 1:00,29.021543231385905,52.17411299776135,100.0,0.051689428317212155
4/23/2025 2:00,28.451565149323404,54.383239829291156,100.0,0.049691184641117846
4/23/2025 3:00,26.148131142157787,60.87660887530103,100.0,0.046695928619457566
4/23/2025 4:00,23.877918619726646,64.48105994462625,100.0,0.04704932469426099
4/23/2025 5:00,23.311975008007767,63.84974585807191,100.0,0.04693309023376477
4/23/2025 6:00,22.861641063671364,68.08911633117611,309.5109475290417,0.30064370134459106
4/23/2025 7:00,22.281672299405116,67.41470517142665,1893.08947486753,0.6743705626673618
4/23/2025 8:00,22.823339872276527,67.9151952932392,794.2139150657212,0.9832485293930353
4/23/2025 9:00,21.943067188666372,65.8663225767156,2675.785142309405,1.1092269326105744
4/23/2025 10:00,22.83809622629701,69.28804072102773,3955.215524446079,1.51648328106994
4/23/2025 11:00,23.163970610801453,67.3390921046574,9677.193236368043,1.765845782083517
4/23/2025 12:00,26.340323062333198,64.38932966357125,59934.62395707945,2.0255389466271363
4/23/2025 13:00,26.04465697996094,58.420481895149685,96190.55639492773,2.137777443311762
4/23/2025 14:00,28.281756590633456,55.78452711901769,41755.4477130466,2.8320004483310903
4/23/2025 15:00,29.519768459532404,53.963351284004204,19827.087544595197,2.463843389168202
4/23/2025 16:00,31.03286758246351,44.090127581906046,73825.73694501832,2.8157813007762513
4/23/2025 17:00,31.398064028915286,45.06788250383821,1949.361161103043,1.4801582456653002
4/23/2025 18:00,33.25198073593081,45.381312116709296,7233.781557994278,1.285808999905418
4/23/2025 19:00,34.004421491154176,41.53379001616938,100.0,0.05166383626912807
4/23/2025 20:00,33.10811583402174,42.83620021253515,100.0,0.0463729627995258
4/23/2025 21:00,33.491228754542874,39.62126157052773,100.0,0.047574201350639826
4/23/2025 22:00,33.236869372601525,38.99613130592094,100.0,0.0533666169843384
4/23/2025 23:00,31.817816593683283,41.615093481731165,100.0,0.05019873547924976
4/24/2025 0:00,31.040812955614058,49.40420882267356,100.0,0.04635755742625413
4/24/2025 1:00,30.319969571332003,49.95420036111498,100.0,0.048101714426540654
4/24/2025 2:00,27.828882189377197,54.042556137044386,100.0,0.048617702791423675
4/24/2025 3:00,27.12344537337889,58.67793804153605,100.0,0.04671959263310338
4/24/2025 4:00,24.779020233801546,62.40861278187067,100.0,0.05370051688165644
4/24/2025 5:00,23.76625812827688,67.28761354474024,100.0,0.045045464174549785
4/24/2025 6:00,22.05468654869895,65.93983386423935,132.23773004780745,0.334781702194829
4/24/2025 7:00,21.90630849512138,66.49487119768632,591.3963775407533,0.5942851886767436
4/24/2025 8:00,21.537032669107397,70.49000712865826,2090.2561549802604,0.9498452964439135
4/24/2025 9:00,21.73089157350957,69.78815977665053,8956.541032082165,1.179429799284911
4/24/2025 10:00,22.50987305480648,69.09700982331697,9617.42949086577,1.5045783142015439
4/24/2025 11:00,23.92352953987916,65.90143362111075,7042.73343039921,1.832692085748467
4/24/2025 12:00,24.283146750663178,66.66739451222955,21384.393382858096,2.08558295688987
4/24/2025 13:00,25.723200741849574,60.98124615110812,53913.4135112797,2.409589546505359
4/24/2025 14:00,27.518569276868224,55.932421696670026,73440.86277268505,2.810350314366464
4/24/2025 15:00,28.823694552417926,51.60440123118369,72401.73358753319,2.581087677394233
4/24/2025 16:00,30.28056651164806,49.29086608857196,35923.132833697025,2.734303413431208
4/24/2025 17:00,32.18027700375269,44.38237078409247,3864.646508943267,1.6285509956302362
4/24/2025 18:00,33.30239387303152,42.457394652082435,4611.547292330796,1.262492802898605
4/24/2025 19:00,34.64669678484988,42.101409089563475,100.0,0.05473819276094684
4/24/2025 20:00,34.12249827602449,43.91683231281857,100.0,0.052171701998633614
4/24/2025 21:00,33.62471005392936,43.04797646522796,100.0,0.04623325238399608
4/24/2025 22:00,33.25507211027173,40.82099902547948,100.0,0.0512347201625859
4/24/2025 23:00,32.9890758717898,45.64465151476191,100.0,0.048404414522708744
4/25/2025 0:00,30.401985584852856,46.44153784108785,100.0,0.032889428789154004
4/25/2025 1:00,29.245534000754194,53.73675952923582,100.0,0.03160479240316512
4/25/2025 2:00,28.151473343527137,56.575740185177,100.0,0.03195780614950555
4/25/2025 3:00,25.81370626268119,57.288569676776575,100.0,0.03501152226674129
4/25/2025 4:00,24.84557793713414,61.2182173525308,100.0,0.031955329529937085
4/25/2025 5:00,24.03885049700732,65.61128273399741,100.0,0.037570410213339935
4/25/2025 6:00,22.761958102366442,69.06945700101717,176.82859583349165,0.2329301638370127
4/25/2025 7:00,21.505043563555816,70.03956424826194,174.21273527510817,0.40001717533947606
4/25/2025 8:00,21.748347880610897,70.8659307509376,866.2535523269262,0.649841981370859
4/25/2025 9:00,21.893390900948376,71.1378892612248,1597.2958190377046,0.8433151151784415
4/25/2025 10:00,22.598147676043265,67.29570060570268,5698.694561006159,1.0372711001532096
4/25/2025 11:00,22.90122204819348,67.13864544758353,3722.20402961175,1.2898338783421797
4/25/2025 12:00,24.75372606736885,62.69528978083285,6508.036358682649,1.3068485089480444
4/25/2025 13:00,25.850957321375702,56.51971430696962,4931.534849975215,1.7604325866365136
4/25/2025 14:00,28.114360053448724,54.096521710859975,3625.96607906948,1.776125591023405
4/25/2025 15:00,29.356821016606574,50.72924239974172,2248.2642797174503,1.9873056630925032
4/25/2025 16:00,31.835153410840523,47.093518818937554,3312.0373634315793,1.747533980143086
4/25/2025 17:00,32.4349442896364,46.171190618828305,6495.787235472124,1.1309105439806546
4/25/2025 18:00,32.98142828720248,39.120673234052845,1069.208085503074,0.9402942567492043
4/25/2025 19:00,33.338067269032344,41.77485992843412,100.0,0.0346418095025974
4/25/2025 20:00,33.63089692788815,42.465549132984954,100.0,0.036816707833038045
4/25/2025 21:00,34.595723868636576,39.906490087469265,100.0,0.03671292140100245
4/25/2025 22:00,33.175406825303526,44.53788477433072,100.0,0.03657762624841881
4/25/2025 23:00,32.89664765735063,42.87323338571248,100.0,0.032412237064204624
4/26/2025 0:00,31.52326983413116,51.06834417204466,100.0,0.05343420628262341
4/26/2025 1:00,29.022179779116776,52.33597426184664,100.0,0.0473646899804761
4/26/2025 2:00,28.366467265666444,55.666306430440905,100.0,0.05101946767693719
4/26/2025 3:00,26.368476794223866,54.424671005132744,100.0,0.051652625342304574
4/26/2025 4:00,24.07072279228742,62.973129983493465,100.0,0.04660457061075598
4/26/2025 5:00,23.892327862940597,68.52808325939604,100.0,0.047363995008284615
4/26/2025 6:00,23.63051178049825,68.98503361810232,373.5629987074612,0.3451227317082113
4/26/2025 7:00,22.546591906914472,66.77969880377721,1448.5852490540547,0.6760352448526651
4/26/2025 8:00,22.149448161520702,69.15935733115293,1089.0882689636362,0.8333861565529795
4/26/2025 9:00,22.998833988532155,71.62431551294976,3288.716305867167,1.1489535492763414
4/26/2025 10:00,23.136242077218057,67.94249131750068,5639.122417710935,1.3517689963503485
4/26/2025 11:00,24.340649649016974,66.13798493176772,9052.245844305658,1.749299946681893
4/26/2025 12:00,24.689697242855193,65.22391101530678,5184.656744117357,1.8393597807783488
4/26/2025 13:00,27.362131440235295,57.02847878656874,55021.69209661029,2.3664397243712134
4/26/2025 14:00,28.34453817172218,56.95015043309819,70069.01946429726,2.48948521584477
4/26/2025 15:00,29.653120393093644,48.70976965224957,17476.946433405734,2.9513437447996593
4/26/2025 16:00,30.777267147929624,44.966070140557534,20609.072821522775,2.663703441115478
4/26/2025 17:00,31.687118462690005,41.29016420983739,1926.6020359953986,1.4519558882147456
4/26/2025 18:00,33.094209023184085,42.3553854754138,9122.29943625422,1.2795675838362042
4/26/2025 19:00,34.543242099042324,39.096058263677506,100.0,0.04791334132713035
4/26/2025 20:00,33.85818835392096,41.54050407922571,100.0,0.048103197533635234
4/26/2025 21:00,34.11146306564533,42.142923987153694,100.0,0.05059908595115901
4/26/2025 22:00,33.330641983750255,41.596883802124424,100.0,0.04513292755420746
4/26/2025 23:00,32.879956810470084,44.907695754178754,100.0,0.04707516052002422
4/27/2025 0:00,31.570615128320377,44.56387934548565,100.0,0.03
4/27/2025 1:00,29.804464418086585,52.384593489789886,100.0,0.03
4/27/2025 2:00,27.902695158049823,55.061954401586696,100.0,0.03
4/27/2025 3:00,26.186637566933786,60.530395408498194,100.0,0.03
4/27/2025 4:00,25.541401863540923,60.735536326143226,100.0,0.03
4/27/2025 5:00,23.306032888192437,62.83331125928821,100.0,0.03
4/27/2025 6:00,22.434571868710115,70.71921886400543,5.690446831449547,0.07317240564997185
4/27/2025 7:00,21.249370281617164,66.69503130311965,60.57051158296548,0.1280809600003774
4/27/2025 8:00,22.18986534081806,71.01656333905106,69.59712146402322,0.18431373830524625
4/27/2025 9:00,21.27621507715005,70.97254539251331,101.95136159809661,0.2466984006655068
4/27/2025 10:00,23.55541689119956,67.99825099588394,53.00239305449214,0.3114097068594728
4/27/2025 11:00,24.137761226636883,64.60757443579804,61.66070334710689,0.3388424352662566
4/27/2025 12:00,24.475248096255925,60.14749716623399,71.92045352753267,0.4199890320901993
4/27/2025 13:00,26.817550961269056,62.87451340817331,92.13251007889478,0.44976369819119344
4/27/2025 14:00,28.77593207636658,59.12393624342951,75.65272673378198,0.4896421762039826
4/27/2025 15:00,29.318662121821887,52.174013199271904,23.616543667019524,0.48696095833478426
4/27/2025 16:00,32.03077831604862,44.798221314739074,254.60727381360434,0.5101597899553293
4/27/2025 17:00,33.01791153939497,43.1611681594015,59.733597420145095,0.3264689003078149
4/27/2025 18:00,32.67595149810516,39.653034912999146,55.04568756337748,0.28035988572198595
4/27/2025 19:00,33.218693318062066,39.82688050893499,100.0,0.03
4/27/2025 20:00,33.796350058104196,43.536951855907276,100.0,0.03
4/27/2025 21:00,34.064597960144454,37.89596266887061,100.0,0.03
4/27/2025 22:00,33.67628829438372,40.65657839329942,100.0,0.03
4/27/2025 23:00,32.595932667484135,47.27075045003864,100.0,0.03
4/28/2025 0:00,31.914173861096018,43.94407465697457,100.0,0.03
4/28/2025 1:00,29.968482109586724,54.16384701866115,100.0,0.03
4/28/2025 2:00,28.09490683659004,54.439468443875995,100.0,0.03
4/28/2025 3:00,26.2269455915523,58.0194294754551,100.0,0.03
4/28/2025 4:00,25.062549367453155,65.73263033410556,100.0,0.03
4/28/2025 5:00,23.702867397734536,61.61382143915189,100.0,0.03
4/28/2025 6:00,23.12189483074807,64.13576694237246,183.34319586544177,0.12088410770581612
4/28/2025 7:00,22.808678432877134,68.73841556355211,126.2411001111149,0.22741673324371836
4/28/2025 8:00,21.110239356678527,66.97355687977374,163.91514224684877,0.33800405346795465
4/28/2025 9:00,22.579921106822468,69.07244710954784,63.81519380340148,0.4931598792416297
4/28/2025 10:00,22.756424287623858,66.82457307263965,266.4059962877911,0.5538653707954253
4/28/2025 11:00,23.46116315199599,66.867475014247,787.9409496203644,0.7282015842780131
4/28/2025 12:00,24.495382404328108,65.31548315154235,491.8178925092604,0.8148361141610325
4/28/2025 13:00,26.750338036166713,63.105335566083184,362.45590330415064,0.837596008351592
4/28/2025 14:00,28.26026809889181,56.10549572925019,2077.9979060450623,1.0528507955174522
4/28/2025 15:00,29.786693363282975,51.89732632837204,341.39221265615424,0.9873750379040701
4/28/2025 16:00,31.706648672375383,48.77580782622484,275.01259233486695,0.9905823994397922
4/28/2025 17:00,31.957980550094355,45.512543977872575,692.6946039541366,0.6948027814255269
4/28/2025 18:00,32.67772446620351,43.55264453022022,241.72502458473872,0.5302837525328956
4/28/2025 19:00,34.05233369067501,40.46275914107724,100.0,0.03
4/28/2025 20:00,33.75894863490139,40.18520098447085,100.0,0.03
4/28/2025 21:00,33.162150275688866,39.413000147267894,100.0,0.03
4/28/2025 22:00,33.06638590471354,45.966152123761894,100.0,0.03
4/28/2025 23:00,32.47170102650245,45.063690287395865,100.0,0.03
4/29/2025 0:00,30.740560535131088,46.30604930857908,100.0,0.04898529449155638
4/29/2025 1:00,28.686769357425614,52.33821539331624,100.0,0.05288235047549075
4/29/2025 2:00,28.01885065443143,55.81918564136465,100.0,0.04696306512546719
4/29/2025 3:00,26.131112955380317,59.12857790618642,100.0,0.046849055931790555
4/29/2025 4:00,24.170634960312494,60.36202766174521,100.0,0.0513244791909981
4/29/2025 5:00,24.98460100701999,67.83711993432478,100.0,0.04500226039451852
4/29/2025 6:00,22.62618682085659,69.12921903022479,337.95859292603006,0.30895484081216
4/29/2025 7:00,21.4559690501464,64.89884804235213,574.6030421683636,0.6376121977746293
4/29/2025 8:00,23.114254793273737,67.75677792467752,778.7971677246912,0.9303958864112432
4/29/2025 9:00,22.10513419324441,69.91375112183404,5816.178921057633,1.1633198184096791
4/29/2025 10:00,23.566396478118737,67.73002223105567,8507.715095282114,1.3833863351941578
4/29/2025 11:00,23.911677879239132,63.26456941874514,6670.342858172186,1.8238885216291516
4/29/2025 12:00,25.08010783469041,63.89663745185892,9612.06968508844,1.8875957962344523
4/29/2025 13:00,27.35821297953192,60.25574585466098,15979.074181996275,2.465278417886289
4/29/2025 14:00,28.52031179213774,54.281993862368374,78200.21921364263,2.5056512619889904
4/29/2025 15:00,28.993785680817076,52.26505302422952,28588.842181471315,2.600946325860264
4/29/2025 16:00,31.648658814694052,50.66150839192239,49058.039225779794,2.7494145507070726
4/29/2025 17:00,32.11614182617214,42.37994197289787,7757.1274860548665,1.606641651616248
4/29/2025 18:00,33.76860394761123,44.235563165554375,3671.5937061440745,1.2608725841012873
4/29/2025 19:00,33.06289591366151,40.98697725541986,100.0,0.04593957507750438
4/29/2025 20:00,34.968669195470376,35.16111643018618,100.0,0.04625597943011466
4/29/2025 21:00,33.78023485820494,42.934928245964485,100.0,0.04849180724047421
4/29/2025 22:00,34.567716954028356,40.217289142551685,100.0,0.04609898382777713
4/29/2025 23:00,32.02458560504921,43.67391129145479,100.0,0.04914262872657821
4/30/2025 0:00,31.684104963081758,44.03795924130046,100.0,0.032622369766343015
4/30/2025 1:00,30.401329743868093,53.29404627027684,100.0,0.037672638954907044
4/30/2025 2:00,28.429285270830395,53.24792142684551,100.0,0.035819139372229136
4/30/2025 3:00,26.42421977056566,58.002744244765005,100.0,0.037299261077579686
4/30/2025 4:00,24.709088849704727,65.98319352576257,100.0,0.03392356454996053
4/30/2025 5:00,23.380186599520258,67.2225920898806,100.0,0.03484467374396813
4/30/2025 6:00,23.011394287124464,68.6366900385387,275.8582651072152,0.22686883686646586
4/30/2025 7:00,21.85024789156851,70.1947356870334,115.58039894088319,0.45359615589821073
4/30/2025 8:00,22.35978097554583,65.55073602271911,1115.7365972555551,0.6501966588397204
4/30/2025 9:00,22.07967813202581,69.91249199268603,427.03042995059013,0.7930410746447148
4/30/2025 10:00,23.052468142461535,69.39105497150614,5433.769933471251,1.064940996459109
4/30/2025 11:00,24.430050782112563,65.07665500566212,4520.551472334856,1.3438779371066065
4/30/2025 12:00,24.31682924023333,63.1955055383335,1406.7317860426292,1.4706659734065561
4/30/2025 13:00,26.459117166474627,54.89285180444522,4451.130447726067,1.6191306419453466
4/30/2025 14:00,28.15919176595163,54.86903354129306,3099.7741985660086,1.664663756903488
4/30/2025 15:00,29.09814311379925,50.35668876742457,3543.949335330933,1.819740802644902
4/30/2025 16:00,30.863479499239258,49.62782333521899,2855.5911967018533,1.856497096378217
4/30/2025 17:00,32.39992728838198,46.258949850640164,1650.7454198844848,1.1308838372940329
4/30/2025 18:00,32.43721357579376,44.47269435181504,1349.6887346599856,0.8586232446358293
4/30/2025 19:00,34.23629560239744,39.129098634450216,100.0,0.03301797724916184
4/30/2025 20:00,33.568130580853754,36.9888356339653,100.0,0.035693334404429115
4/30/2025 21:00,34.11917941363882,41.12799380101107,100.0,0.03420645629447512
4/30/2025 22:00,32.682973467506855,42.021282352002764,100.0,0.034175383655704175
4/30/2025 23:00,31.78237304091372,44.36702894804162,100.0,0.03600150423374346
5/1/2025 0:00,30.62953872825964,43.591807751428306,100.0,0.046706805683553246
5/1/2025 1:00,29.875928461073148,47.308361966138165,100.0,0.048635077789679994
5/1/2025 2:00,28.109167018539946,52.991993705556766,100.0,0.05374775490361099
5/1/2025 3:00,26.511562869814604,58.67143178758116,100.0,0.04615439238020359
5/1/2025 4:00,23.889177792722396,64.13490555020628,100.0,0.047382393474324644
5/1/2025 5:00,23.46945098669681,66.6638420594347,100.0,0.0456332517406254
5/1/2025 6:00,22.930617201935004,65.87139142209705,502.25091751431256,0.313611733124487
5/1/2025 7:00,21.533021886103594,65.99577638967769,2006.293231170182,0.6024771774667288
5/1/2025 8:00,22.260252267344857,72.24334170452015,1315.0789090371209,0.9367746638928343
5/1/2025 9:00,21.512935382018206,72.51397919431557,9040.67277922945,1.274501358909603
5/1/2025 10:00,21.83499896695284,68.49740822711964,8429.20648644625,1.3263846360708624
5/1/2025 11:00,23.7878157984061,66.69721076529196,8229.299747432115,1.8925608662404818
5/1/2025 12:00,25.516471705518725,59.22277658212014,66247.73348421692,2.1954875091962065
5/1/2025 13:00,26.70949572229089,54.94684597161647,62153.702451418656,2.4868364017601197
5/1/2025 14:00,27.252426304940645,54.27736005110212,80453.32255298829,2.5281612062380185
5/1/2025 15:00,29.27681362733928,48.40238412231101,45192.87237072165,2.56863424269438
5/1/2025 16:00,30.292366339063275,47.89392858649599,43161.61355657685,2.4247556119396947
5/1/2025 17:00,32.42354746195431,44.156823771382456,3573.6511193813008,1.4845101214522671
5/1/2025 18:00,33.08015102700112,40.90583666875927,6744.647751235334,1.336858403515918
5/1/2025 19:00,33.61543219679566,37.491851347341864,100.0,0.05446745787750099
5/1/2025 20:00,33.428383701753056,36.44179535191831,100.0,0.04906747170486678
5/1/2025 21:00,33.60237223650117,42.476110167902405,100.0,0.048603717394873305
5/1/2025 22:00,33.29041040263204,42.12308297794677,100.0,0.047164618134568875
5/1/2025 23:00,31.735625169599256,45.14439171305157,100.0,0.05209015955630132
5/2/2025 0:00,30.928998505450725,46.95614621284302,100.0,0.046708462138485646
5/2/2025 1:00,29.846758836105575,49.040917562357684,100.0,0.049698574004362145
5/2/2025 2:00,28.209773340913145,57.44570878589442,100.0,0.04812744873578193
5/2/2025 3:00,26.017865964398588,60.47191705750244,100.0,0.047669028890170745
5/2/2025 4:00,24.92441528130442,61.57412836107713,100.0,0.049076904795587135
5/2/2025 5:00,23.69178074591416,64.06480165645763,100.0,0.05091522632190242
5/2/2025 6:00,23.182758984250185,69.05830358627524,365.6128711609276,0.3442971540285553
5/2/2025 7:00,22.12715632189632,71.14245844591599,1698.7842763257408,0.6681117698185601
5/2/2025 8:00,22.66563464677028,70.18420495204273,1771.564480365905,0.9401130081666275
5/2/2025 9:00,22.296491520698112,68.46854701936847,2501.0556526944333,1.2993993871949283
5/2/2025 10:00,23.517005745956943,65.64439027672026,9864.353993631517,1.4566408450712234
5/2/2025 11:00,23.275816164160293,63.7771669635474,4720.506378890656,1.8524873943529179
5/2/2025 12:00,25.06582234359659,62.220811271362855,100696.7617524635,2.204807879171125
5/2/2025 13:00,26.4041056640063,60.13518122056219,48030.48163840558,2.4032376239670112
5/2/2025 14:00,27.724639615656468,54.764388645840334,22569.246714521054,2.474073049261333
5/2/2025 15:00,30.34269961612687,51.12399419261397,76582.53893418466,2.8884982969065005
5/2/2025 16:00,31.57329771097988,46.6092229369417,72221.61694124338,2.696385496530988
5/2/2025 17:00,31.792251758372124,43.2348450557876,6476.891624377888,1.5962871848258482
5/2/2025 18:00,32.412884784679214,41.67095198708973,7883.081615087128,1.4419874574222042
5/2/2025 19:00,34.260832807954124,37.31663285471461,100.0,0.05442649450232567
5/2/2025 20:00,34.692924586848555,39.15304774186805,100.0,0.054339011074981375
5/2/2025 21:00,33.23642487635095,41.063657125422445,100.0,0.04700979672346851
5/2/2025 22:00,33.333294506504856,41.994221984877655,100.0,0.05409019529173681
5/2/2025 23:00,31.719326937239963,45.09477776375464,100.0,0.046874985546179214
5/3/2025 0:00,30.722147817858538,48.13066790325582,100.0,0.052581650163473326
5/3/2025 1:00,29.47448686049621,50.84352830681006,100.0,0.05211498505361192
5/3/2025 2:00,28.338219093748332,55.194547687877595,100.0,0.050127971213020456
5/3/2025 3:00,26.605249041166747,58.31302199597788,100.0,0.05457333616993171
5/3/2025 4:00,25.13304915586254,62.43454638187358,100.0,0.05252205298155447
5/3/2025 5:00,23.890506457322896,66.77095176271268,100.0,0.04869014633401305
5/3/2025 6:00,21.921510824143926,66.51252146848931,345.1830518648524,0.32965109720972163
5/3/2025 7:00,22.04461071268526,68.562254562823,1121.6381303347691,0.6240729091373725
5/3/2025 8:00,22.459716966623734,70.9761098566207,914.7472998613708,0.8302168044395902
5/3/2025 9:00,22.00897538731751,70.67656138714155,8088.00864716943,1.1813700099168531
5/3/2025 10:00,22.098161461576453,66.1579101911147,5685.332068769305,1.3459438077202055
5/3/2025 11:00,23.83277453678262,65.77431880741032,3669.6362665014826,1.768570484423106
5/3/2025 12:00,24.596373930088205,59.2002970331205,2586.1558525034498,1.9553518592336179
5/3/2025 13:00,27.48414335979044,57.88671558556209,44718.38293824803,2.3046111589670133
5/3/2025 14:00,28.24325770377182,51.78150385565514,78887.91734810233,2.824598832434895
5/3/2025 15:00,29.027648964173093,49.855489562593576,106336.02287621095,2.9463409310894346
5/3/2025 16:00,31.300523078049704,51.1187227702364,57004.20843099123,2.683884161441397
5/3/2025 17:00,32.69688562665073,50.257711090826945,8110.593048948,1.5488912832874344
5/3/2025 18:00,33.257309829572606,42.04907243179615,5335.779913536079,1.3405983126831889
5/3/2025 19:00,34.48270023188274,39.51798229558996,100.0,0.048082430892610745
5/3/2025 20:00,35.187160727972206,45.056000864703115,100.0,0.05161211923763377
5/3/2025 21:00,33.60095288071016,38.280377503221956,100.0,0.05428575471911114
5/3/2025 22:00,33.68768864426576,39.13064408556484,100.0,0.04912603455203479
5/3/2025 23:00,32.46669029321571,43.481378122860434,100.0,0.054340495324564024
5/4/2025 0:00,31.42246793724807,47.84899316517624,100.0,0.053752371250819435
5/4/2025 1:00,29.186377202745422,51.694384349501206,100.0,0.04500783523226492
5/4/2025 2:00,28.346998399671865,55.3839903043131,100.0,0.052060220375923755
5/4/2025 3:00,26.816633270240118,58.79850288644634,100.0,0.049783831567267026
5/4/2025 4:00,24.305002552314324,59.117853939922284,100.0,0.0469177316855247
5/4/2025 5:00,23.461837852056227,64.78563642431041,100.0,0.045533824237327845
5/4/2025 6:00,22.0015982403394,65.34816687136777,357.9381137754366,0.35712053474181
5/4/2025 7:00,22.25834062623451,71.45543274386716,1641.8381335337651,0.5822983335524776
5/4/2025 8:00,21.750880167982462,70.48947961332127,980.7680545059826,0.8760889492326409
5/4/2025 9:00,21.82342284247952,69.68008471191756,3754.7286893417386,1.2567879905782773
5/4/2025 10:00,22.66462868447519,69.22103342616057,7309.801675166325,1.3464134350123647
5/4/2025 11:00,23.783064394768417,67.79904558023564,8275.859740480046,1.7419744274218945
5/4/2025 12:00,24.88101113401707,62.108994488924495,75075.8999091426,2.0466680007537703
5/4/2025 13:00,26.85084434018164,58.36314647446598,37769.83499559319,2.4334402958701995
5/4/2025 14:00,28.368720043139497,54.27604344902078,31518.420162745166,2.432847844067747
5/4/2025 15:00,29.31944439504383,48.99869483102427,27864.642025713918,2.8032367367733415
5/4/2025 16:00,31.646660454976757,46.471631760365696,75024.92178105992,2.80561832682306
5/4/2025 17:00,32.66980179632958,39.381185531354845,5901.967271562467,1.4545251022234058
5/4/2025 18:00,33.221553140409696,44.62054988168628,5542.439605212828,1.4016738579986867
5/4/2025 19:00,33.40684257905064,40.279342151736074,100.0,0.0540672986148604
5/4/2025 20:00,33.396373283759424,40.793488383331486,100.0,0.0474256553141201
5/4/2025 21:00,33.356924902280916,46.639331587559255,100.0,0.048749109254935384
5/4/2025 22:00,34.4593521874326,45.621211955624005,100.0,0.053170801566400354
5/4/2025 23:00,32.49049854023429,47.26422390792251,100.0,0.053896774285740516
5/5/2025 0:00,32.335930060624705,48.42783720320345,100.0,0.03699521556108944
